{"sorted-superuser.txt":{"Frankenstein":{"theta":-0.9954668273894373,"ll":-2.0971227743298613e7,"tau":0.9999442113140313},"NTL":{"g":0.06459764927777537,"ll":-2.0971213031145938e7,"alpha":-4.195067525649854,"ntlll":-2.04182758855365e7},"PYP":{"theta":15323.254392335237,"ll":-2.123563029366886e7,"tau":0.23983510513994288}},"sorted-mathoverflow.txt":{"Frankenstein":{"theta":-0.9289764421596968,"ll":-6.104938380570557e6,"tau":0.9856757428382692},"NTL":{"g":0.024041338488623346,"ll":-6.104932085466403e6,"alpha":-6.850528930005032,"ntlll":-6.0130435082210805e6},"PYP":{"theta":2134.840435930732,"ll":-6.167589810056319e6,"tau":0.13544936576266592}},"sorted-stackoverflow.txt":{"Frankenstein":{"theta":-0.9712714457175379,"ll":-1.2199961602034938e9,"tau":0.997205193862339},"NTL":{"g":0.02038788632859155,"ll":-1.2199961562609606e9,"alpha":-8.568752656660125,"ntlll":-1.2098828660903678e9},"PYP":{"theta":226215.16187702696,"ll":-1.228110103235417e9,"tau":0.12458777229520332}},"sorted-wiki-talk.txt":{"Frankenstein":{"theta":-0.9978228462150335,"ll":-1.1688750101339307e8,"tau":0.9999876044161665},"NTL":{"g":0.07237495679391363,"ll":-1.1688748280665982e8,"alpha":-0.2827570270491253,"ntlll":-1.1363216359649557e8},"PYP":{"theta":11417.201639339648,"ll":-1.1726818208110578e8,"tau":0.5401790974376942}},"sorted-CollegeMsg.txt":{"Frankenstein":{"theta":5.948509589345819,"ll":-595405.748653097,"tau":0.5144312352109871},"NTL":{"g":0.01750665900407627,"ll":-595851.4939246625,"alpha":-4.971836071383223,"ntlll":-587410.5393233415},"PYP":{"theta":288.70586548484926,"ll":-598706.0014775353,"tau":3.631456777063663e-17}},"sorted-askubuntu.txt":{"Frankenstein":{"theta":-0.9999999867954749,"ll":-1.3565059537161455e7,"tau":0.9999999999999997},"NTL":{"g":0.08447805356530953,"ll":-1.3565020646999553e7,"alpha":-2.6872162944090925,"ntlll":-1.311818182674766e7},"PYP":{"theta":14384.239986927516,"ll":-1.3726734958970314e7,"tau":0.25635286072885216}},"sorted-email.txt":{"Frankenstein":{"theta":113.38759900036793,"ll":-3.167692394877623e6,"tau":2.7831339206662147e-14},"NTL":{"g":0.0018016560942815652,"ll":-3.170070847699886e6,"alpha":-1.5916789111092378,"ntlll":-3.1630600622845814e6},"PYP":{"theta":113.38759900056912,"ll":-3.168136147839909e6,"tau":4.943162329424493e-18}}}