{"sorted-superuser.txt":{"NTL":{"g":0.06459805433755589,"ll":-2.0971212897588838e7,"alpha":-4.195067525649854},"PYP":{"theta":180.06046976964194,"ll":-2.1248505100399554e7,"tau":0.4013121667680211}},"sorted-mathoverflow.txt":{"NTL":{"g":0.02404254269075116,"ll":-6.10493135540127e6,"alpha":-6.850528930005032},"PYP":{"theta":109.99999999994178,"ll":-6.169893277397872e6,"tau":0.30008730633269454}},"sorted-stackoverflow.txt":{"NTL":{"g":0.02038789597312001,"ll":-1.2199961561167705e9,"alpha":-8.568752656660125},"PYP":{"theta":0.5000538506521561,"ll":-1.2283830367015047e9,"tau":0.3275248270010448}},"sorted-wiki-talk.txt":{"NTL":{"g":0.07237503095821088,"ll":-1.168874822056382e8,"alpha":-0.2827570270491253},"PYP":{"theta":0.5000743159426635,"ll":-1.1727567597051013e8,"tau":0.5668624857596498}},"sorted-CollegeMsg.txt":{"NTL":{"g":0.017516921534219104,"ll":-595851.2466424403,"alpha":-4.971836071383223},"PYP":{"theta":71.99999999999271,"ll":-599100.9463516558,"tau":0.1917096800047504}},"sorted-askubuntu.txt":{"NTL":{"g":0.08447864687965784,"ll":-1.3565020470477546e7,"alpha":-2.6872162944090925},"PYP":{"theta":0.5003238792599436,"ll":-1.3737937218179027e7,"tau":0.4408961001491241}},"sorted-email.txt":{"NTL":{"g":0.0018035333456201785,"ll":-3.170063554590254e6,"alpha":-1.5916789111092378},"PYP":{"theta":104.99999999994178,"ll":-3.1685349717814173e6,"tau":0.02253036011467568}}}