{"sorted-superuser.txt":{"NTL":{"g":0.06710940644431154,"ll":-2.6457193037121072e7,"alpha":-4.194204005760801},"PYP":{"theta":20372.14489309152,"ll":-2.6796497898052007e7,"tau":0.23676064215214548}},"sorted-mathoverflow.txt":{"NTL":{"g":0.02442951755716255,"ll":-7.6905970741241e6,"alpha":-6.6129258056550055},"PYP":{"theta":2555.0563083783495,"ll":-7.767368012302284e6,"tau":0.14757513739074046}},"sorted-stackoverflow.txt":{"NTL":{"g":0.02047440221726297,"ll":-1.536554901392369e9,"alpha":-8.922226362603618},"PYP":{"theta":293816.04883867624,"ll":-1.547010983715991e9,"tau":0.11491608164943506}},"sorted-wiki-talk.txt":{"NTL":{"g":0.0730957444009152,"ll":-1.460022836405712e8,"alpha":-0.23494392500500183},"PYP":{"theta":13855.878792436619,"ll":-1.4645524289938003e8,"tau":0.5436730572451948}},"sorted-CollegeMsg.txt":{"NTL":{"g":0.015860153788511508,"ll":-747117.5353822223,"alpha":-4.942932907836579},"PYP":{"theta":317.1804978912311,"ll":-750376.9304538398,"tau":1.576137400993227e-11}},"sorted-askubuntu.txt":{"NTL":{"g":0.08258129384024022,"ll":-1.705824248846327e7,"alpha":-2.538956055809824},"PYP":{"theta":17855.44124865027,"ll":-1.7246050246637456e7,"tau":0.24751213044538403}},"sorted-email.txt":{"NTL":{"g":0.0014969127124307064,"ll":-3.936457162734435e6,"alpha":-1.8521781039629897},"PYP":{"theta":113.75841855070108,"ll":-3.9345151176795904e6,"tau":3.393961998984543e-12}}}