{"sorted-superuser.txt":{"NTL":{"g":0.06459764927777537,"ll":-2.0971213031145938e7,"alpha":-4.195067525649854},"PYP":{"theta":15323.254392335237,"ll":-2.123563029366886e7,"tau":0.23983510513994288}},"sorted-mathoverflow.txt":{"NTL":{"g":0.024041338488623346,"ll":-6.104932085466403e6,"alpha":-6.850528930005032},"PYP":{"theta":2134.840435930732,"ll":-6.167589810056319e6,"tau":0.13544936576266592}},"sorted-stackoverflow.txt":{"NTL":{"g":0.02038788632859155,"ll":-1.2199961562609606e9,"alpha":-8.568752656660125},"PYP":{"theta":226215.16187702696,"ll":-1.228110103235417e9,"tau":0.12458777229520332}},"sorted-wiki-talk.txt":{"NTL":{"g":0.07237495679391363,"ll":-1.1688748280665982e8,"alpha":-0.2827570270491253},"PYP":{"theta":11417.201639339648,"ll":-1.1726818208110578e8,"tau":0.5401790974376942}},"sorted-CollegeMsg.txt":{"NTL":{"g":0.01750665900407627,"ll":-595851.4939246625,"alpha":-4.971836071383223},"PYP":{"theta":288.70586548484926,"ll":-598706.0014775353,"tau":3.631456777063663e-17}},"sorted-askubuntu.txt":{"NTL":{"g":0.08447805356530953,"ll":-1.3565020646999553e7,"alpha":-2.6872162944090925},"PYP":{"theta":14384.239986927516,"ll":-1.3726734958970314e7,"tau":0.25635286072885216}},"sorted-email.txt":{"NTL":{"g":0.0018016560942815652,"ll":-3.170070847699886e6,"alpha":-1.5916789111092378},"PYP":{"theta":113.38759900056912,"ll":-3.168136147839909e6,"tau":4.943162329424493e-18}}}