{"sorted-superuser.txt":{"Frankenstein":{"theta":-0.9961436221777704,"ll":-2.6746322785164155e7,"tau":0.9999603923023164},"NTL":{"g":0.06723440135200107,"ll":-2.674630760294966e7,"alpha":-4.191959201526199,"ntlll":-2.6034956122040845e7},"PYP":{"theta":20638.470586558873,"ll":-2.7089514386395458e7,"tau":0.23673461690878891}},"sorted-mathoverflow.txt":{"Frankenstein":{"theta":-0.9685251587414958,"ll":-7.775396246403273e6,"tau":0.9967411836015108},"NTL":{"g":0.024496125127252685,"ll":-7.77538651584813e6,"alpha":-6.614969249117626,"ntlll":-7.658823771630634e6},"PYP":{"theta":2575.1202264953436,"ll":-7.853117947818278e6,"tau":0.1488577040502394}},"sorted-stackoverflow.txt":{"Frankenstein":{"theta":-0.9999998242830702,"ll":-1.5533513891370585e9,"tau":0.9999999999999493},"NTL":{"g":0.0204889520082551,"ll":-1.5533513531676483e9,"alpha":-8.944592685476824,"ntlll":-1.5406600739493535e9},"PYP":{"theta":297553.200846781,"ll":-1.563942505505146e9,"tau":0.11453494687007325}},"sorted-wiki-talk.txt":{"Frankenstein":{"theta":-0.999999884623529,"ll":-1.475476495871778e8,"tau":0.9999999999999655},"NTL":{"g":0.07277720510076145,"ll":-1.4754761257355922e8,"alpha":-0.2499512550984142,"ntlll":-1.4346240809063914e8},"PYP":{"theta":14866.716106275853,"ll":-1.480102546368568e8,"tau":0.5377617189936407}},"sorted-CollegeMsg.txt":{"Frankenstein":{"theta":5.49468845787759,"ll":-754924.492384687,"tau":0.5202259487633134},"NTL":{"g":0.015860414977374945,"ll":-755415.5142513129,"alpha":-4.984095789377001,"ntlll":-745667.468948265},"PYP":{"theta":320.38779690202074,"ll":-758745.0371536224,"tau":4.4096887022725806e-11}},"sorted-askubuntu.txt":{"Frankenstein":{"theta":-0.991697176077074,"ll":-1.7243831378862217e7,"tau":0.9998319237397042},"NTL":{"g":0.08259486238645863,"ll":-1.7243818251904055e7,"alpha":-2.5422290685846543,"ntlll":-1.6693970574422354e7},"PYP":{"theta":18080.738314779526,"ll":-1.7433719756119415e7,"tau":0.24699613119194264}},"sorted-email.txt":{"Frankenstein":{"theta":113.6094771237267,"ll":-3.974163518051251e6,"tau":9.198704921761211e-10},"NTL":{"g":0.001481945093779438,"ll":-3.9766757242585164e6,"alpha":-1.8557475119070572,"ntlll":-3.969274770673129e6},"PYP":{"theta":113.60947345769078,"ll":-3.9747268978263503e6,"tau":2.532677948606711e-14}}}