{"sorted-superuser.txt":{"Frankenstein":{"theta":-0.9999991684556543,"ll":-2.645722402813089e7,"tau":0.9999999999980461},"NTL":{"g":0.06710938297979531,"ll":-2.645719310658841e7,"alpha":-4.194204005760801,"ntlll":-2.575389469330196e7},"PYP":{"theta":20372.14489309152,"ll":-2.6796497898052007e7,"tau":0.23676064215214548}},"sorted-mathoverflow.txt":{"Frankenstein":{"theta":-0.9650307115907141,"ll":-7.690606548668295e6,"tau":0.996028784719624},"NTL":{"g":0.02442949326168868,"ll":-7.690597098856956e6,"alpha":-6.6129258056550055,"ntlll":-7.575446306656841e6},"PYP":{"theta":2555.0563083783495,"ll":-7.767368012302284e6,"tau":0.14757513739074046}},"sorted-stackoverflow.txt":{"Frankenstein":{"theta":-0.9925357579544279,"ll":-1.536554916214223e9,"tau":0.9997988043238143},"NTL":{"g":0.020474402053899537,"ll":-1.536554901413056e9,"alpha":-8.922226362603618,"ntlll":-1.5239976095868545e9},"PYP":{"theta":293816.04883867624,"ll":-1.547010983715991e9,"tau":0.11491608164943506}},"sorted-wiki-talk.txt":{"Frankenstein":{"theta":-0.9999998628018479,"ll":-1.460023206133204e8,"tau":0.9999999999999641},"NTL":{"g":0.0730957396837264,"ll":-1.460022837164762e8,"alpha":-0.23494392500500183,"ntlll":-1.419453702981877e8},"PYP":{"theta":13855.878792436619,"ll":-1.4645524289938003e8,"tau":0.5436730572451948}},"sorted-CollegeMsg.txt":{"Frankenstein":{"theta":5.731096030687059,"ll":-746623.1899910098,"tau":0.5171469053680876},"NTL":{"g":0.015860019917981992,"ll":-747117.5513694262,"alpha":-4.942932907836579,"ntlll":-737467.0420598901},"PYP":{"theta":317.1804978912311,"ll":-750376.9304538398,"tau":1.576137400993227e-11}},"sorted-askubuntu.txt":{"Frankenstein":{"theta":-0.9916884441543955,"ll":-1.7058255605474696e7,"tau":0.9998311004766838},"NTL":{"g":0.08258125059615166,"ll":-1.7058242574654557e7,"alpha":-2.538956055809824,"ntlll":-1.6513955463649921e7},"PYP":{"theta":17855.44124865027,"ll":-1.7246050246637456e7,"tau":0.24751213044538403}},"sorted-email.txt":{"Frankenstein":{"theta":113.75841840943043,"ll":-3.9339537201370066e6,"tau":5.16804380703589e-13},"NTL":{"g":0.0014969104366743596,"ll":-3.9364571642324678e6,"alpha":-1.8521781039629897,"ntlll":-3.9290661151058106e6},"PYP":{"theta":113.75841855070108,"ll":-3.9345151176795904e6,"tau":3.393961998984543e-12}}}