{"eta": 4.09188189837, "beta": 0.015868503779011438, "xmin": 457.0, "KS D": 0.16132258028597013, "Critical": 0.03117106680385194}
