{"eta": 2.45504775514, "beta": 0.0015151724912358423, "xmin": 917.0, "KS D": 0.5362695878095611, "Critical": 0.043269477876859586}
