{"eta": 1.78809970004, "beta": 0.07277720510403268, "xmin": 14.0, "KS D": 0.08460022337056317, "Critical": 0.0012718009793050342}
