{"eta": 2.46354520719, "beta": 0.02048895233295765, "xmin": 1396.0, "KS D": 0.003894017584332665, "Critical": 0.0008418759957427034}
