{"eta": 2.14436457395, "beta": 0.08259529059347398, "xmin": 13.0, "KS D": 0.021999669243610187, "Critical": 0.003402290840678829}
