{"eta": 2.17946663001, "beta": 0.06723440135491432, "xmin": 86.0, "KS D": 0.022725586478186954, "Critical": 0.003082512900445712}
