{"eta": 1.76753359359, "beta": 0.024496850658740917, "xmin": 8.0, "KS D": 0.011474792695105984, "Critical": 0.008620354572454044}
