{"alpha":{"true":0.75,"mean":0.7644408546433783,"std":0.021854805052354317},"geom_p":{"true":0.5,"mean":0.4950619295859464,"std":0.010975516976324123}}