{"alpha":{"true":0.25,"mean":0.578350566411304,"std":0.09160813125056998},"crp_theta":{"true":10.0,"mean":250.48535405630776,"std":15.304620826607573},"crp_alpha":{"true":0.75,"mean":0.008923522188006286,"std":0.01726403279547681}}