{"alpha":{"true":-10.0,"mean":-3.668882258497145,"std":0.9449135676626803},"geom_p":{"true":0.5,"mean":0.49459066268045554,"std":0.011430035337869586}}