{"alpha":{"true":0.25,"mean":0.2799255075862909,"std":0.05898859862257131},"geom_p":{"true":0.5,"mean":0.49460967960254315,"std":0.011622982686801307}}