{"alpha":{"true":-2.0,"mean":-1.2634090335704287,"std":0.31912424881192475},"geom_p":{"true":0.5,"mean":0.49629712956730543,"std":0.010492831025154498}}