{"alpha":{"true":0.75,"mean":0.8284672567939912,"std":0.03035847501390615},"crp_theta":{"true":10.0,"mean":250.6450814685071,"std":16.30637695294022},"crp_alpha":{"true":0.75,"mean":0.009578887875430356,"std":0.019044913758543818}}