{"alpha":{"true":0.25,"mean":0.29709846764272557,"std":0.05950816921695867},"geom_p":{"true":0.5,"mean":0.49451555765104066,"std":0.011215368787151651}}