{"alpha":{"true":-10.0,"mean":-2.2647653855317484,"std":1.755143143448483},"crp_theta":{"true":10.0,"mean":251.63099377773577,"std":14.189269160087361},"crp_alpha":{"true":0.75,"mean":0.007983427579171322,"std":0.01099950212801037}}