{"alpha":{"true":-10.0,"mean":-4.783926462551074,"std":1.1661640242374942},"geom_p":{"true":0.5,"mean":0.4946896921287565,"std":0.011665260416159185}}