{"alpha":{"true":-1.0,"mean":-0.8266038671710748,"std":0.17799369138936835},"geom_p":{"true":0.5,"mean":0.4945435353370658,"std":0.011042859774872384}}