{"alpha":{"true":-1.0,"mean":-0.8156147786839943,"std":0.17987720446350502},"geom_p":{"true":0.5,"mean":0.4952030511444074,"std":0.011111775524559457}}