{"alpha":{"true":0.75,"mean":0.7621087248811591,"std":0.020692024839225477},"geom_p":{"true":0.5,"mean":0.49540273554106046,"std":0.01077016792836565}}